name,domain,url,category,matched_city,source_type,homepage_status,robots_txt_status,sitemap_found,rental_keywords_found,requires_login_guess,paywall_guess,scrape_risk,recommended_mode,notes
123Wonen,123wonen.nl,https://www.123wonen.nl/huurwoningen/nederland,landelijke_platforms,,portal,not_checked,not_checked,False,,False,False,medium,scrape_candidate,
Acantus,acantus.nl,https://www.acantus.nl/huren/,woningcorporaties,,corporatie,not_checked,not_checked,False,,False,False,medium,scrape_candidate,
Acasa,acasa.nl,https://www.acasa.nl/,landelijke_platforms,,portal,not_checked,not_checked,False,,False,False,medium,scrape_candidate,
Accolade,accolade.nl,https://www.accolade.nl/huren/,woningcorporaties,,corporatie,not_checked,not_checked,False,,False,False,medium,scrape_candidate,
Actium,actium.nl,https://www.actium.nl/huren/,woningcorporaties,,corporatie,not_checked,not_checked,False,,False,False,medium,scrape_candidate,
Aedes,aedes.nl,https://www.aedes.nl/,woningcorporaties,,branche,not_checked,not_checked,False,,False,False,medium,manual_external,
AlleeWonen,alleewonen.nl,https://www.alleewonen.nl/huren/,woningcorporaties,,corporatie,not_checked,not_checked,False,,False,False,medium,scrape_candidate,
Allewoningen,allewoningen.nl,https://www.allewoningen.nl/huur/,landelijke_platforms,,aggregator,not_checked,not_checked,False,,False,False,medium,scrape_candidate,
Altera Vastgoed,altera.nl,https://www.altera.nl/,institutionele_verhuurders,,belegger,not_checked,not_checked,False,,False,False,medium,manual_external,
Alwel,alwel.nl,https://www.alwel.nl/huren/,woningcorporaties,,corporatie,not_checked,not_checked,False,,False,False,medium,scrape_candidate,
Amsterdam Housing,amsterdamhousing.nl,https://www.amsterdamhousing.nl/,verhuurmakelaars,,makelaar,not_checked,not_checked,False,,False,False,medium,scrape_candidate,
Amvest,amvest.nl,https://www.amvest.nl/wonen/,institutionele_verhuurders,,verhuurder,not_checked,not_checked,False,,False,False,medium,scrape_candidate,
Antares Wonen,antareswonen.nl,https://www.antareswonen.nl/huren/,woningcorporaties,,corporatie,not_checked,not_checked,False,,False,False,medium,scrape_candidate,
APG Asset Management,apg.nl,https://www.apg.nl/,institutionele_verhuurders,,belegger,not_checked,not_checked,False,,False,False,medium,manual_external,
Area,area.nl,https://www.area.nl/huren/,woningcorporaties,,corporatie,not_checked,not_checked,False,,False,False,medium,scrape_candidate,
Beter Wonen Vechtdal,beterwonen.nl,https://www.beterwonen.nl/huren/,woningcorporaties,,corporatie,not_checked,not_checked,False,,False,False,medium,scrape_candidate,
Bouwfonds IM,bim.nl,https://www.bim.nl/wonen/,institutionele_verhuurders,,belegger,not_checked,not_checked,False,,False,False,medium,manual_external,
Bo-Ex,bo-ex.nl,https://www.bo-ex.nl/huren/,woningcorporaties,,corporatie,not_checked,not_checked,False,,False,False,medium,scrape_candidate,
Bouwhuis,bouwhuis.nl,https://www.bouwhuis.nl/,nieuwbouw_huurprojecten,,portal,not_checked,not_checked,False,,False,False,medium,scrape_candidate,
Bouwinfo,bouwinfo.nl,https://www.bouwinfo.nl/huur/,nieuwbouw_huurprojecten,,portal,not_checked,not_checked,False,,False,False,medium,scrape_candidate,
Bouwinvest,bouwinvest.nl,https://www.bouwinvest.nl/,institutionele_verhuurders,,belegger,not_checked,not_checked,False,,False,False,medium,manual_external,
BouwNet Nederland,bouwnetnederland.nl,https://www.bouwnetnederland.nl/,nieuwbouw_huurprojecten,,portal,not_checked,not_checked,False,,False,False,medium,scrape_candidate,
BrabantWonen,brabantwonen.nl,https://www.brabantwonen.nl/huren/,woningcorporaties,,corporatie,not_checked,not_checked,False,,False,False,medium,scrape_candidate,
BW Housing,bwhousing.nl,https://www.bwhousing.nl/,verhuurmakelaars,,makelaar,not_checked,not_checked,False,,False,False,medium,scrape_candidate,
Camelot Europe,camelot.nl,https://www.camelot.nl/huren/,vastgoedbeheerders,,beheerder,not_checked,not_checked,False,,False,False,medium,scrape_candidate,
Casade,casade.nl,https://www.casade.nl/huren/,woningcorporaties,,corporatie,not_checked,not_checked,False,,False,False,medium,scrape_candidate,
CBRE Netherlands,cbre.nl,https://www.cbre.nl/,vastgoedbeheerders,,makelaar,not_checked,not_checked,False,,False,False,medium,scrape_candidate,
CBRE Investment Management,cbreim.com,https://www.cbreim.com/,institutionele_verhuurders,,belegger,not_checked,not_checked,False,,False,False,medium,manual_external,
Century21,century21.nl,https://www.century21.nl/huurwoningen/,verhuurmakelaars,,makelaar,not_checked,not_checked,False,,False,False,medium,scrape_candidate,
Clavis,clavis.nl,https://www.clavis.nl/huren/,woningcorporaties,,corporatie,not_checked,not_checked,False,,False,False,medium,scrape_candidate,
Colliers Netherlands,colliers.nl,https://www.colliers.nl/,vastgoedbeheerders,,makelaar,not_checked,not_checked,False,,False,False,medium,scrape_candidate,
Connexxion Wonen (Oost),connexxionwonen.nl,https://www.connexxionwonen.nl/,woningcorporaties,,corporatie,not_checked,not_checked,False,,False,False,medium,scrape_candidate,
Cronenberg Makelaars,cronenbergmakelaars.nl,https://www.cronenbergmakelaars.nl/huur/,verhuurmakelaars,,makelaar,not_checked,not_checked,False,,False,False,medium,scrape_candidate,
De Alliantie,de-alliantie.nl,https://www.de-alliantie.nl/huren/,woningcorporaties,,corporatie,not_checked,not_checked,False,,False,False,medium,scrape_candidate,
De Goede Woning,degoedewoning.nl,https://www.degoedewoning.nl/huren/,woningcorporaties,,corporatie,not_checked,not_checked,False,,False,False,medium,scrape_candidate,
De Key,dekey.nl,https://www.dekey.nl/huren/,woningcorporaties,,corporatie,not_checked,not_checked,False,,False,False,medium,scrape_candidate,
deltaWonen,deltawonen.nl,https://www.deltawonen.nl/huren/,woningcorporaties,,corporatie,not_checked,not_checked,False,,False,False,medium,scrape_candidate,
De Woonmensen,dewoonmensen.nl,https://www.dewoonmensen.nl/huren/,woningcorporaties,,corporatie,not_checked,not_checked,False,,False,False,medium,scrape_candidate,
De Woonplaats,dewoonplaats.nl,https://www.dewoonplaats.nl/huren/,woningcorporaties,,corporatie,not_checked,not_checked,False,,False,False,medium,scrape_candidate,
De Zekere Sleutel,dezekeresleutel.nl,https://www.dezekeresleutel.nl/,verhuurmakelaars,,makelaar,not_checked,not_checked,False,,False,False,medium,scrape_candidate,
Digs,digs.nl,https://www.digs.nl/,studenten_kamers,,portal,not_checked,not_checked,False,,False,False,medium,scrape_candidate,
Direct Wonen,directwonen.nl,https://www.directwonen.nl/,landelijke_platforms,,portal,not_checked,not_checked,False,,False,False,medium,scrape_candidate,
Domesta,domesta.nl,https://www.domesta.nl/huren/,woningcorporaties,,corporatie,not_checked,not_checked,False,,False,False,medium,scrape_candidate,
Domica,domica.nl,https://www.domica.nl/huurwoningen/,verhuurmakelaars,,makelaar,not_checked,not_checked,False,,False,False,medium,scrape_candidate,
Dunavast,dunavast.nl,https://www.dunavast.nl/huren/,woningcorporaties,,corporatie,not_checked,not_checked,False,,False,False,medium,scrape_candidate,
Duurzaam Huren,duurzaamhuren.nl,https://www.duurzaamhuren.nl/,nieuwbouw_huurprojecten,,portal,not_checked,not_checked,False,,False,False,medium,scrape_candidate,
DUWO,duwo.nl,https://www.duwo.nl/woningaanbod/,studenten_kamers,,corporatie,not_checked,not_checked,False,,False,False,medium,scrape_candidate,
EcoWonen,ecowonen.nl,https://www.ecowonen.nl/huren/,woningcorporaties,,corporatie,not_checked,not_checked,False,,False,False,medium,scrape_candidate,
Eerlijk Huren,eerlijkhuren.nl,https://www.eerlijkhuren.nl/,landelijke_platforms,,portal,not_checked,not_checked,False,,False,False,medium,scrape_candidate,
Eigen Haard (Haarlem),eigenhaard-haarlem.nl,https://www.eigenhaard-haarlem.nl/huren/,woningcorporaties,,corporatie,not_checked,not_checked,False,,False,False,medium,scrape_candidate,
Eigen Haard,eigenhaard.nl,https://www.eigenhaard.nl/woningaanbod/,woningcorporaties,,corporatie,not_checked,not_checked,False,,False,False,medium,scrape_candidate,
Elan Wonen,elanwonen.nl,https://www.elanwonen.nl/huren/,woningcorporaties,,corporatie,not_checked,not_checked,False,,False,False,medium,scrape_candidate,
Elkien,elkien.nl,https://www.elkien.nl/huren/,woningcorporaties,,corporatie,not_checked,not_checked,False,,False,False,medium,scrape_candidate,
Entree,entree.nu,https://www.entree.nu/,sociale_huur,,portal,not_checked,not_checked,False,,False,False,medium,scrape_candidate,
ERA Makelaars,era.nl,https://www.era.nl/huurwoningen/,verhuurmakelaars,,makelaar,not_checked,not_checked,False,,False,False,medium,scrape_candidate,
European Residential,european-residential.nl,https://www.european-residential.nl/huren/,institutionele_verhuurders,,verhuurder,not_checked,not_checked,False,,False,False,medium,scrape_candidate,
Expat Rentals,expatrentals.nl,https://www.expatrentals.nl/,verhuurmakelaars,,makelaar,not_checked,not_checked,False,,False,False,medium,scrape_candidate,
Expats Housing,expatshousing.nl,https://www.expatshousing.nl/,verhuurmakelaars,,makelaar,not_checked,not_checked,False,,False,False,medium,scrape_candidate,
Flow Living,flowliving.nl,https://www.flowliving.nl/,institutionele_verhuurders,,verhuurder,not_checked,not_checked,False,,False,False,medium,scrape_candidate,
Foxer,foxer.nl,https://www.foxer.nl/huren/,verhuurmakelaars,,makelaar,not_checked,not_checked,False,,False,False,medium,scrape_candidate,
Fraîche Wonen,fraichewonen.nl,https://www.fraichewonen.nl/huren/,woningcorporaties,,corporatie,not_checked,not_checked,False,,False,False,medium,scrape_candidate,
Friendly Housing,friendlyhousing.nl,https://www.friendlyhousing.nl/woningen/,verhuurmakelaars,,verhuurder,not_checked,not_checked,False,,False,False,medium,scrape_candidate,
Frisia Makelaars,frisiamakelaars.nl,https://www.frisiamakelaars.nl/huur/,verhuurmakelaars,,makelaar,not_checked,not_checked,False,,False,False,medium,scrape_candidate,
Funda Huur,funda.nl,https://www.funda.nl/huur/,landelijke_platforms,,portal,not_checked,not_checked,False,,False,False,medium,scrape_candidate,
GD Makelaars,gdmakelaars.nl,https://www.gdmakelaars.nl/huur/,verhuurmakelaars,,makelaar,not_checked,not_checked,False,,False,False,medium,scrape_candidate,
GoedeStede,goedestede.nl,https://www.goedestede.nl/huren/,woningcorporaties,,corporatie,not_checked,not_checked,False,,False,False,medium,scrape_candidate,
Greystar Netherlands,greystar.com,https://www.greystar.com/nl/,institutionele_verhuurders,,verhuurder,not_checked,not_checked,False,,False,False,medium,scrape_candidate,
GroenWest,groenwest.nl,https://www.groenwest.nl/huren/,woningcorporaties,,corporatie,not_checked,not_checked,False,,False,False,medium,scrape_candidate,
Haag Wonen,haag-wonen.nl,https://www.haag-wonen.nl/woningen/,woningcorporaties,,corporatie,not_checked,not_checked,False,,False,False,medium,scrape_candidate,
Habion,habion.nl,https://www.habion.nl/huren/,woningcorporaties,,corporatie,not_checked,not_checked,False,,False,False,medium,scrape_candidate,
Havensteder,havensteder.nl,https://www.havensteder.nl/huren/,woningcorporaties,,corporatie,not_checked,not_checked,False,,False,False,medium,scrape_candidate,
Heimstaden,heimstaden.com,https://heimstaden.com/nl/wonen/,institutionele_verhuurders,,verhuurder,not_checked,not_checked,False,,False,False,medium,scrape_candidate,
Stichting Heuvelrug Wonen,heuvelrugwonen.nl,https://www.heuvelrugwonen.nl/huren/,woningcorporaties,,corporatie,not_checked,not_checked,False,,False,False,medium,scrape_candidate,
Hines Netherlands,hines.com,https://www.hines.com/nl/,institutionele_verhuurders,,belegger,not_checked,not_checked,False,,False,False,medium,manual_external,
Holland2Stay,holland2stay.com,https://holland2stay.com/,institutionele_verhuurders,,verhuurder,not_checked,not_checked,False,,False,False,medium,scrape_candidate,
Holland Housing,hollandhousing.nl,https://www.hollandhousing.nl/,verhuurmakelaars,,makelaar,not_checked,not_checked,False,,False,False,medium,scrape_candidate,
Homelink,homelink.nl,https://www.homelink.nl/huurwoningen/,verhuurmakelaars,,makelaar,not_checked,not_checked,False,,False,False,medium,scrape_candidate,
HouseHunting,househunting.nl,https://www.househunting.nl/huren/,verhuurmakelaars,,makelaar,not_checked,not_checked,False,,False,False,medium,scrape_candidate,
HousingAnywhere,housinganywhere.com,https://housinganywhere.com/nl/,studenten_kamers,,portal,not_checked,not_checked,False,,False,False,medium,scrape_candidate,
Huislijn,huislijn.nl,https://www.huislijn.nl/huurwoning/nederland,landelijke_platforms,,aggregator,not_checked,not_checked,False,,False,False,medium,scrape_candidate,
Huuradvies,huuradvies.nl,https://www.huuradvies.nl/,landelijke_platforms,,portal,not_checked,not_checked,False,,False,False,medium,scrape_candidate,
Huurbalie,huurbalie.nl,https://www.huurbalie.nl/,verhuurmakelaars,,makelaar,not_checked,not_checked,False,,False,False,medium,scrape_candidate,
Huurcommissie,huurcommissie.nl,https://www.huurcommissie.nl/,sociale_huur,,overheid,not_checked,not_checked,False,,False,False,medium,manual_external,
Huurdirect,huurdirect.nl,https://www.huurdirect.nl/,landelijke_platforms,,portal,not_checked,not_checked,False,,False,False,medium,scrape_candidate,
Huureigenaar,huureigenaar.nl,https://www.huureigenaar.nl/,vastgoedbeheerders,,beheerder,not_checked,not_checked,False,,False,False,medium,scrape_candidate,
Huurhuis,huurhuis.nl,https://www.huurhuis.nl/,landelijke_platforms,,portal,not_checked,not_checked,False,,False,False,medium,scrape_candidate,
Huurloket,huurloket.nl,https://www.huurloket.nl/,sociale_huur,,portal,not_checked,not_checked,False,,False,False,medium,scrape_candidate,
Huurmarkt,huurmarkt.nl,https://www.huurmarkt.nl/,landelijke_platforms,,portal,not_checked,not_checked,False,,False,False,medium,scrape_candidate,
Huurnet,huurnet.nl,https://www.huurnet.nl/,landelijke_platforms,,portal,not_checked,not_checked,False,,False,False,medium,scrape_candidate,
Huur Nieuwbouw,huurnieuwbouw.nl,https://www.huurnieuwbouw.nl/,nieuwbouw_huurprojecten,,portal,not_checked,not_checked,False,,False,False,medium,scrape_candidate,
Huurportaal,huurportaal.nl,https://www.huurportaal.nl/,landelijke_platforms,,aggregator,not_checked,not_checked,False,,False,False,medium,scrape_candidate,
HuurStunt,huurstunt.nl,https://www.huurstunt.nl/,landelijke_platforms,,portal,not_checked,not_checked,False,,False,False,medium,scrape_candidate,
Huurwijzer,huurwijzer.nl,https://www.huurwijzer.nl/,landelijke_platforms,,portal,not_checked,not_checked,False,,False,False,medium,scrape_candidate,
Huurwoningen.nl,huurwoningen.nl,https://www.huurwoningen.nl/,landelijke_platforms,,portal,not_checked,not_checked,False,,False,False,medium,scrape_candidate,
Huurwoningen Amsterdam,huurwoningenamsterdam.nl,https://www.huurwoningenamsterdam.nl/,verhuurmakelaars,,makelaar,not_checked,not_checked,False,,False,False,medium,scrape_candidate,
Huurwoningportaal,huurwoningportaal.nl,https://www.huurwoningportaal.nl/,landelijke_platforms,,aggregator,not_checked,not_checked,False,,False,False,medium,scrape_candidate,
Huurzeker,huurzeker.nl,https://www.huurzeker.nl/,verhuurmakelaars,,makelaar,not_checked,not_checked,False,,False,False,medium,scrape_candidate,
HuurZonderBureau,huurzonderbureau.nl,https://www.huurzonderbureau.nl/,landelijke_platforms,,portal,not_checked,not_checked,False,,False,False,medium,scrape_candidate,
HW Wonen,hwwonen.nl,https://www.hwwonen.nl/huren/,woningcorporaties,,corporatie,not_checked,not_checked,False,,False,False,medium,scrape_candidate,
iamexpat Housing,iamexpat.nl,https://www.iamexpat.nl/housing/,landelijke_platforms,,portal,not_checked,not_checked,False,,False,False,medium,scrape_candidate,
Idealis,idealis.nl,https://www.idealis.nl/woningaanbod/,studenten_kamers,,corporatie,not_checked,not_checked,False,,False,False,medium,scrape_candidate,
Ieder1,ieder1.nl,https://www.ieder1.nl/huren/,woningcorporaties,,corporatie,not_checked,not_checked,False,,False,False,medium,scrape_candidate,
IJsseldal Wonen,ijsseldal-wonen.nl,https://www.ijsseldal-wonen.nl/huren/,woningcorporaties,,corporatie,not_checked,not_checked,False,,False,False,medium,scrape_candidate,
IkHuurVrij,ikhuurvrij.nl,https://www.ikhuurvrij.nl/,landelijke_platforms,,portal,not_checked,not_checked,False,,False,False,medium,scrape_candidate,
Ikwilhuren.nl,ikwilhuren.nl,https://www.ikwilhuren.nl/,landelijke_platforms,,portal,not_checked,not_checked,False,,False,False,medium,scrape_candidate,
IMakelaars,imakelaars.nl,https://www.imakelaars.nl/huur/,verhuurmakelaars,,makelaar,not_checked,not_checked,False,,False,False,medium,scrape_candidate,
Interhouse,interhouse.nl,https://www.interhouse.nl/huurwoningen/,verhuurmakelaars,,makelaar,not_checked,not_checked,False,,False,False,medium,scrape_candidate,
Intermaris,intermaris.nl,https://www.intermaris.nl/huren/,woningcorporaties,,corporatie,not_checked,not_checked,False,,False,False,medium,scrape_candidate,
Jaap,jaap.nl,https://www.jaap.nl/huurwoningen/,landelijke_platforms,,aggregator,not_checked,not_checked,False,,False,False,medium,scrape_candidate,
JLL Netherlands,jll.nl,https://www.jll.nl/,vastgoedbeheerders,,makelaar,not_checked,not_checked,False,,False,False,medium,scrape_candidate,
Kamer.nl,kamer.nl,https://www.kamer.nl/,studenten_kamers,,portal,not_checked,not_checked,False,,False,False,medium,scrape_candidate,
Kamernet,kamernet.nl,https://kamernet.nl/,studenten_kamers,,portal,not_checked,not_checked,False,,False,False,medium,scrape_candidate,
KamerZoeken,kamerzoeken.nl,https://www.kamerzoeken.nl/,studenten_kamers,,portal,not_checked,not_checked,False,,False,False,medium,scrape_candidate,
Kennemer Wonen,kennemerwonen.nl,https://www.kennemerwonen.nl/huren/,woningcorporaties,,corporatie,not_checked,not_checked,False,,False,False,medium,scrape_candidate,
KlausdeBruin Makelaars,klausdebr.nl,https://www.klausdebr.nl/,verhuurmakelaars,,makelaar,not_checked,not_checked,False,,False,False,medium,scrape_candidate,
Kleurrijk Wonen,kleurrijkwonen.nl,https://www.kleurrijkwonen.nl/huren/,woningcorporaties,,corporatie,not_checked,not_checked,False,,False,False,medium,scrape_candidate,
KlikVoorWonen,klikvoorwonen.nl,https://www.klikvoorwonen.nl/,sociale_huur,,portal,not_checked,not_checked,False,,False,False,medium,scrape_candidate,
Kroonenberg Groep,kroonenberggroep.nl,https://www.kroonenberggroep.nl/wonen/,vastgoedbeheerders,,beheerder,not_checked,not_checked,False,,False,False,medium,scrape_candidate,
Kruyswijk Makelaars,kruyswijk.nl,https://www.kruyswijk.nl/huur/,verhuurmakelaars,,makelaar,not_checked,not_checked,False,,False,False,medium,scrape_candidate,
Laris Wonen en Diensten,lariswonen.nl,https://www.lariswonen.nl/huren/,woningcorporaties,,corporatie,not_checked,not_checked,False,,False,False,medium,scrape_candidate,
Laurentius,laurentius.nl,https://www.laurentius.nl/huren/,woningcorporaties,,corporatie,not_checked,not_checked,False,,False,False,medium,scrape_candidate,
Lefier,lefier.nl,https://www.lefier.nl/huren/,woningcorporaties,,corporatie,not_checked,not_checked,False,,False,False,medium,scrape_candidate,
l'Escaut,lescaut.nl,https://www.lescaut.nl/huren/,woningcorporaties,,corporatie,not_checked,not_checked,False,,False,False,medium,scrape_candidate,
Leystromen,leystromen.nl,https://www.leystromen.nl/huren/,woningcorporaties,,corporatie,not_checked,not_checked,False,,False,False,medium,scrape_candidate,
Living in Cities,livingincities.nl,https://www.livingincities.nl/huren/,studenten_kamers,,verhuurder,not_checked,not_checked,False,,False,False,medium,scrape_candidate,
LIV Residential,livresidential.nl,https://www.livresidential.nl/woningaanbod/,institutionele_verhuurders,,verhuurder,not_checked,not_checked,False,,False,False,medium,scrape_candidate,
Lux Makelaars,luxmakelaars.nl,https://www.luxmakelaars.nl/huur/,verhuurmakelaars,,makelaar,not_checked,not_checked,False,,False,False,medium,scrape_candidate,
Lyaemer Wonen,lyaemer.nl,https://www.lyaemer.nl/huren/,woningcorporaties,,corporatie,not_checked,not_checked,False,,False,False,medium,scrape_candidate,
Makelaarsland,makelaarsland.nl,https://www.makelaarsland.nl/huren/,verhuurmakelaars,,makelaar,not_checked,not_checked,False,,False,False,medium,scrape_candidate,
Maxx Aanhuur,maxx-aanhuur.nl,https://www.maxx-aanhuur.nl/,verhuurmakelaars,,makelaar,not_checked,not_checked,False,,False,False,medium,scrape_candidate,
Mercatus,mercatus.nl,https://www.mercatus.nl/huren/,woningcorporaties,,corporatie,not_checked,not_checked,False,,False,False,medium,scrape_candidate,
Mitros,mitros.nl,https://www.mitros.nl/huren/,woningcorporaties,,corporatie,not_checked,not_checked,False,,False,False,medium,scrape_candidate,
Mooijekind Vleut,mooijekindvleut.nl,https://www.mooijekindvleut.nl/huur/,verhuurmakelaars,,makelaar,not_checked,not_checked,False,,False,False,medium,scrape_candidate,
Mooiland,mooiland.nl,https://www.mooiland.nl/huren/,woningcorporaties,,corporatie,not_checked,not_checked,False,,False,False,medium,scrape_candidate,
MOVE Makelaars,movemakelaars.nl,https://www.movemakelaars.nl/huur/,verhuurmakelaars,,makelaar,not_checked,not_checked,False,,False,False,medium,scrape_candidate,
Mozaïek Wonen,mozaiekwonen.nl,https://www.mozaiekwonen.nl/huren/,woningcorporaties,,corporatie,not_checked,not_checked,False,,False,False,medium,scrape_candidate,
MVGM Wonen,mvgm.nl,https://www.mvgm.nl/wonen/huurwoningen/,vastgoedbeheerders,,beheerder,not_checked,not_checked,False,,False,False,medium,scrape_candidate,
Nederland Huren,nederland-huren.nl,https://www.nederland-huren.nl/,landelijke_platforms,,portal,not_checked,not_checked,False,,False,False,medium,scrape_candidate,
NederWoon,nederwoon.nl,https://www.nederwoon.nl/huurwoningen/,verhuurmakelaars,,makelaar,not_checked,not_checked,False,,False,False,medium,scrape_candidate,
NestPick,nestpick.com,https://www.nestpick.com/nl/,landelijke_platforms,,aggregator,not_checked,not_checked,False,,False,False,medium,scrape_candidate,
NewHomes NL,newhomes.nl,https://www.newhomes.nl/huur/,nieuwbouw_huurprojecten,,portal,not_checked,not_checked,False,,False,False,medium,scrape_candidate,
Nido Student Living,nido-living.com,https://www.nido-living.com/nl/,studenten_kamers,,verhuurder,not_checked,not_checked,False,,False,False,medium,scrape_candidate,
NieuwbouwHuurwoningen,nieuwbouwhuurwoningen.nl,https://www.nieuwbouwhuurwoningen.nl/,nieuwbouw_huurprojecten,,portal,not_checked,not_checked,False,,False,False,medium,scrape_candidate,
Nijestee,nijestee.nl,https://www.nijestee.nl/huren/,woningcorporaties,,corporatie,not_checked,not_checked,False,,False,False,medium,scrape_candidate,
NN Group (residentieel),nn-group.com,https://www.nn-group.com/,institutionele_verhuurders,,belegger,not_checked,not_checked,False,,False,False,medium,manual_external,
NVM,nvm.nl,https://www.nvm.nl/,verhuurmakelaars,,branche,not_checked,not_checked,False,,False,False,medium,manual_external,
Oost Flevoland Woondiensten,ofw.nl,https://www.ofw.nl/huren/,woningcorporaties,,corporatie,not_checked,not_checked,False,,False,False,medium,scrape_candidate,
Omnia Wonen,omniawonen.nl,https://www.omniawonen.nl/huren/,woningcorporaties,,corporatie,not_checked,not_checked,False,,False,False,medium,scrape_candidate,
Ons Doel,onsdoel.nl,https://www.onsdoel.nl/huren/,woningcorporaties,,corporatie,not_checked,not_checked,False,,False,False,medium,scrape_candidate,
Ooms Makelaars,ooms.com,https://www.ooms.com/huur/,verhuurmakelaars,,makelaar,not_checked,not_checked,False,,False,False,medium,scrape_candidate,
Oosterpoort,oosterpoort.nl,https://www.oosterpoort.nl/huren/,woningcorporaties,,corporatie,not_checked,not_checked,False,,False,False,medium,scrape_candidate,
Openbaar Belang,openbaar-belang.nl,https://www.openbaar-belang.nl/huren/,woningcorporaties,,corporatie,not_checked,not_checked,False,,False,False,medium,scrape_candidate,
Orange Capital Partners,orangecp.nl,https://www.orangecp.nl/,institutionele_verhuurders,,belegger,not_checked,not_checked,False,,False,False,medium,manual_external,
Pandomo,pandomo.nl,https://www.pandomo.nl/huren/,landelijke_platforms,,portal,not_checked,not_checked,False,,False,False,medium,scrape_candidate,
Pararius,pararius.nl,https://www.pararius.nl/huurwoningen/nederland,landelijke_platforms,,portal,not_checked,not_checked,False,,False,False,medium,scrape_candidate,
Parteon,parteon.nl,https://www.parteon.nl/huren/,woningcorporaties,,corporatie,not_checked,not_checked,False,,False,False,medium,scrape_candidate,
Patrimonium,patrimonium-woonstichting.nl,https://www.patrimonium-woonstichting.nl/huren/,woningcorporaties,,corporatie,not_checked,not_checked,False,,False,False,medium,scrape_candidate,
Patrizia AG NL,patrizia.ag,https://www.patrizia.ag/nl/,institutionele_verhuurders,,belegger,not_checked,not_checked,False,,False,False,medium,manual_external,
Plavei,plavei.nl,https://www.plavei.nl/huren/,woningcorporaties,,corporatie,not_checked,not_checked,False,,False,False,medium,scrape_candidate,
Plicht Getrouw,plichtgetrouw.nl,https://www.plichtgetrouw.nl/huren/,woningcorporaties,,corporatie,not_checked,not_checked,False,,False,False,medium,scrape_candidate,
Portaal,portaal.nl,https://www.portaal.nl/huren/,woningcorporaties,,corporatie,not_checked,not_checked,False,,False,False,medium,scrape_candidate,
Pré Wonen,prewonen.nl,https://www.prewonen.nl/huren/,woningcorporaties,,corporatie,not_checked,not_checked,False,,False,False,medium,scrape_candidate,
ProWonen,prowonen.nl,https://www.prowonen.nl/huren/,woningcorporaties,,corporatie,not_checked,not_checked,False,,False,False,medium,scrape_candidate,
Qualis Makelaars,qualismakelaars.nl,https://www.qualismakelaars.nl/huur/,verhuurmakelaars,,makelaar,not_checked,not_checked,False,,False,False,medium,scrape_candidate,
QuaWonen,quawonen.nl,https://www.quawonen.nl/huren/,woningcorporaties,,corporatie,not_checked,not_checked,False,,False,False,medium,scrape_candidate,
R&B Wonen,rbwonen.nl,https://www.rbwonen.nl/huren/,woningcorporaties,,corporatie,not_checked,not_checked,False,,False,False,medium,scrape_candidate,
RealWorks,realworks.nl,https://www.realworks.nl/,verhuurmakelaars,,software,not_checked,not_checked,False,,False,False,medium,manual_external,
ReBo Wonen,rebo-wonen.nl,https://www.rebo-wonen.nl/huur/,vastgoedbeheerders,,beheerder,not_checked,not_checked,False,,False,False,medium,scrape_candidate,
RE/MAX Netherlands,remax.nl,https://www.remax.nl/huurwoningen/,verhuurmakelaars,,makelaar,not_checked,not_checked,False,,False,False,medium,scrape_candidate,
RentBird,rentbird.nl,https://www.rentbird.nl/,landelijke_platforms,,aggregator,not_checked,not_checked,False,,False,False,medium,scrape_candidate,
Rent Company,rentcompany.nl,https://www.rentcompany.nl/huurwoningen/,verhuurmakelaars,,makelaar,not_checked,not_checked,False,,False,False,medium,scrape_candidate,
Rentree,rentree.nl,https://www.rentree.nl/huren/,woningcorporaties,,corporatie,not_checked,not_checked,False,,False,False,medium,scrape_candidate,
RentSlam,rentslam.com,https://rentslam.com/nl/,landelijke_platforms,,aggregator,not_checked,not_checked,False,,False,False,medium,scrape_candidate,
Ressort Wonen,ressort-wonen.nl,https://www.ressort-wonen.nl/huren/,woningcorporaties,,corporatie,not_checked,not_checked,False,,False,False,medium,scrape_candidate,
Rochdale,rochdale.nl,https://www.rochdale.nl/woningen/,woningcorporaties,,corporatie,not_checked,not_checked,False,,False,False,medium,scrape_candidate,
Rondom Wonen,rondomwonen.nl,https://www.rondomwonen.nl/huren/,woningcorporaties,,corporatie,not_checked,not_checked,False,,False,False,medium,scrape_candidate,
RoomGo,roomgo.nl,https://www.roomgo.nl/,studenten_kamers,,portal,not_checked,not_checked,False,,False,False,medium,scrape_candidate,
Roomspot,roomspot.nl,https://www.roomspot.nl/,studenten_kamers,,portal,not_checked,not_checked,False,,False,False,medium,scrape_candidate,
Rotsvast,rotsvast.nl,https://www.rotsvast.nl/huurwoningen/,verhuurmakelaars,,makelaar,not_checked,not_checked,False,,False,False,medium,scrape_candidate,
Round Hill Capital,roundhillcapital.com,https://roundhillcapital.com/,institutionele_verhuurders,,belegger,not_checked,not_checked,False,,False,False,medium,manual_external,
SallandWonen,sallandwonen.nl,https://www.sallandwonen.nl/huren/,woningcorporaties,,corporatie,not_checked,not_checked,False,,False,False,medium,scrape_candidate,
Savills Netherlands,savills.nl,https://www.savills.nl/,vastgoedbeheerders,,makelaar,not_checked,not_checked,False,,False,False,medium,scrape_candidate,
Servatius,servatius.nl,https://www.servatius.nl/huren/,woningcorporaties,,corporatie,not_checked,not_checked,False,,False,False,medium,scrape_candidate,
Sint Joseph Wonen,sintjosephwonen.nl,https://www.sintjosephwonen.nl/huren/,woningcorporaties,,corporatie,not_checked,not_checked,False,,False,False,medium,scrape_candidate,
Site Woondiensten,site-woondiensten.nl,https://www.site-woondiensten.nl/huren/,woningcorporaties,,corporatie,not_checked,not_checked,False,,False,False,medium,scrape_candidate,
SJHT,sjht.nl,https://www.sjht.nl/woningaanbod/,studenten_kamers,,corporatie,not_checked,not_checked,False,,False,False,medium,scrape_candidate,
Smeets Makelaars,smeetsmakelaars.nl,https://www.smeetsmakelaars.nl/huur/,verhuurmakelaars,,makelaar,not_checked,not_checked,False,,False,False,medium,scrape_candidate,
Stichting Studenten Huisvesting,ssh-wonen.nl,https://www.ssh-wonen.nl/woningaanbod/,studenten_kamers,,corporatie,not_checked,not_checked,False,,False,False,medium,scrape_candidate,
SSH& Student Housing,sshxl.nl,https://www.sshxl.nl/woningaanbod,studenten_kamers,,corporatie,not_checked,not_checked,False,,False,False,medium,scrape_candidate,
Woonstichting SSW,ssw.nl,https://www.ssw.nl/huren/,woningcorporaties,,corporatie,not_checked,not_checked,False,,False,False,medium,scrape_candidate,
Stadgenoot,stadgenoot.nl,https://www.stadgenoot.nl/woningaanbod/,woningcorporaties,,corporatie,not_checked,not_checked,False,,False,False,medium,scrape_candidate,
Stadlander,stadlander.nl,https://www.stadlander.nl/huren/,woningcorporaties,,corporatie,not_checked,not_checked,False,,False,False,medium,scrape_candidate,
Stadsgenoot,stadsgenoot.nl,https://www.stadsgenoot.nl/huren/,woningcorporaties,,corporatie,not_checked,not_checked,False,,False,False,medium,scrape_candidate,
Staedion,staedion.nl,https://www.staedion.nl/huren/,woningcorporaties,,corporatie,not_checked,not_checked,False,,False,False,medium,scrape_candidate,
Standvast Wonen,standvastwonen.nl,https://www.standvastwonen.nl/huren/,woningcorporaties,,corporatie,not_checked,not_checked,False,,False,False,medium,scrape_candidate,
Stek,stek.nl,https://www.stek.nl/huren/,woningcorporaties,,corporatie,not_checked,not_checked,False,,False,False,medium,scrape_candidate,
STIP Wonen,stipwonen.nl,https://www.stipwonen.nl/,studenten_kamers,,corporatie,not_checked,not_checked,False,,False,False,medium,scrape_candidate,
StudentenWoningen.nl,studentenwoningen.nl,https://www.studentenwoningen.nl/,studenten_kamers,,portal,not_checked,not_checked,False,,False,False,medium,scrape_candidate,
Student Experience,studentexperience.nl,https://www.studentexperience.nl/,studenten_kamers,,verhuurder,not_checked,not_checked,False,,False,False,medium,scrape_candidate,
StudentKamer,studentkamer.nl,https://www.studentkamer.nl/,studenten_kamers,,portal,not_checked,not_checked,False,,False,False,medium,scrape_candidate,
Studica,studica.nl,https://www.studica.nl/woningen/,studenten_kamers,,corporatie,not_checked,not_checked,False,,False,False,medium,scrape_candidate,
Sustay,sustay.nl,https://www.sustay.nl/huren/,institutionele_verhuurders,,verhuurder,not_checked,not_checked,False,,False,False,medium,scrape_candidate,
Sociale Verhuurkantoor,svhw.nl,https://www.svhw.nl/,sociale_huur,,portal,not_checked,not_checked,False,,False,False,medium,scrape_candidate,
SVNL,svnl.nl,https://www.svnl.nl/,sociale_huur,,portal,not_checked,not_checked,False,,False,False,medium,scrape_candidate,
Sociaal Verhuurkantoor Rotterdam,svr.nl,https://www.svr.nl/,sociale_huur,,portal,not_checked,not_checked,False,,False,False,medium,scrape_candidate,
Stichting Woningbeheer Betuwe,swbbetuwe.nl,https://www.swbbetuwe.nl/huren/,woningcorporaties,,corporatie,not_checked,not_checked,False,,False,False,medium,scrape_candidate,
SWZ,swz.nl,https://www.swz.nl/huren/,woningcorporaties,,corporatie,not_checked,not_checked,False,,False,False,medium,scrape_candidate,
Syntrus Achmea Real Estate,syntrusachmea.nl,https://www.syntrusachmea.nl/,institutionele_verhuurders,,belegger,not_checked,not_checked,False,,False,False,medium,manual_external,
Tablis Wonen,tabliswonen.nl,https://www.tabliswonen.nl/huren/,woningcorporaties,,corporatie,not_checked,not_checked,False,,False,False,medium,scrape_candidate,
Talis,talis.nl,https://www.talis.nl/huren/,woningcorporaties,,corporatie,not_checked,not_checked,False,,False,False,medium,scrape_candidate,
TBV Wonen,tbvwonen.nl,https://www.tbvwonen.nl/huren/,woningcorporaties,,corporatie,not_checked,not_checked,False,,False,False,medium,scrape_candidate,
The House Hunters,thehousehunters.nl,https://www.thehousehunters.nl/,verhuurmakelaars,,makelaar,not_checked,not_checked,False,,False,False,medium,scrape_candidate,
The Living Room,thelivingroom.nl,https://www.thelivingroom.nl/,institutionele_verhuurders,,verhuurder,not_checked,not_checked,False,,False,False,medium,scrape_candidate,
The Student Hotel,thestudenthotel.com,https://www.thestudenthotel.com/nl/,studenten_kamers,,verhuurder,not_checked,not_checked,False,,False,False,medium,scrape_candidate,
Thuisborg,thuisborg.nl,https://www.thuisborg.nl/,sociale_huur,,portal,not_checked,not_checked,False,,False,False,medium,scrape_candidate,
Thuis in Limburg,thuisinlimburg.nl,https://www.thuisinlimburg.nl/,sociale_huur,,portal,not_checked,not_checked,False,,False,False,medium,scrape_candidate,
Thuis In Zeeland,thuisinzeeland.nl,https://www.thuisinzeeland.nl/,sociale_huur,,portal,not_checked,not_checked,False,,False,False,medium,scrape_candidate,
Thuisvester,thuisvester.nl,https://www.thuisvester.nl/huren/,woningcorporaties,,corporatie,not_checked,not_checked,False,,False,False,medium,scrape_candidate,
Thuisvinden,thuisvinden.nl,https://www.thuisvinden.nl/,sociale_huur,,portal,not_checked,not_checked,False,,False,False,medium,scrape_candidate,
Tiwos,tiwos.nl,https://www.tiwos.nl/huren/,woningcorporaties,,corporatie,not_checked,not_checked,False,,False,False,medium,scrape_candidate,
Triada,triada.nl,https://www.triada.nl/huren/,woningcorporaties,,corporatie,not_checked,not_checked,False,,False,False,medium,scrape_candidate,
Tristan Capital Partners,tristancap.com,https://www.tristancap.com/,institutionele_verhuurders,,belegger,not_checked,not_checked,False,,False,False,medium,manual_external,
Trudo,trudo.nl,https://www.trudo.nl/huren/,woningcorporaties,,corporatie,not_checked,not_checked,False,,False,False,medium,scrape_candidate,
TVN Real Estate,tvn.nl,https://www.tvn.nl/aanbod/huur/,verhuurmakelaars,,makelaar,not_checked,not_checked,False,,False,False,medium,scrape_candidate,
Uithoornse Woningbouw,uithoornsewoningbouw.nl,https://www.uithoornsewoningbouw.nl/huren/,woningcorporaties,,corporatie,not_checked,not_checked,False,,False,False,medium,scrape_candidate,
Urban Interest,urbaninterest.nl,https://www.urbaninterest.nl/huren/,institutionele_verhuurders,,verhuurder,not_checked,not_checked,False,,False,False,medium,scrape_candidate,
Urban Residences,urbanresidences.nl,https://www.urbanresidences.nl/,institutionele_verhuurders,,verhuurder,not_checked,not_checked,False,,False,False,medium,scrape_candidate,
Van der Linden Makelaars,vanderlindenmakelaars.nl,https://www.vanderlindenmakelaars.nl/huur/,verhuurmakelaars,,makelaar,not_checked,not_checked,False,,False,False,medium,scrape_candidate,
Vastgoedbeheer NL,vastgoedbeheer.nl,https://www.vastgoedbeheer.nl/,vastgoedbeheerders,,beheerder,not_checked,not_checked,False,,False,False,medium,scrape_candidate,
Vastgoedmanager,vastgoedmanager.nl,https://www.vastgoedmanager.nl/huur/,vastgoedbeheerders,,beheerder,not_checked,not_checked,False,,False,False,medium,scrape_candidate,
VastNed,vastned.nl,https://www.vastned.nl/,institutionele_verhuurders,,belegger,not_checked,not_checked,False,,False,False,medium,manual_external,
VBO Makelaars,vbo.nl,https://www.vbo.nl/aanbod/huur/,landelijke_platforms,,association,not_checked,not_checked,False,,False,False,medium,manual_external,
VBT Verhuurmakelaars,vbt.nl,https://www.vbt.nl/huurwoningen/,verhuurmakelaars,,makelaar,not_checked,not_checked,False,,False,False,medium,scrape_candidate,
Velison Wonen,velisonwonen.nl,https://www.velisonwonen.nl/huren/,woningcorporaties,,corporatie,not_checked,not_checked,False,,False,False,medium,scrape_candidate,
Veluwonen,veluwonen.nl,https://www.veluwonen.nl/huren/,woningcorporaties,,corporatie,not_checked,not_checked,False,,False,False,medium,scrape_candidate,
Verhuurders,verhuurders.nl,https://www.verhuurders.nl/,landelijke_platforms,,portal,not_checked,not_checked,False,,False,False,medium,scrape_candidate,
Vesteda,vesteda.com,https://www.vesteda.com/nl/woningaanbod/,institutionele_verhuurders,,verhuurder,not_checked,not_checked,False,,False,False,medium,scrape_candidate,
Vestia,vestia.nl,https://www.vestia.nl/wonen/,woningcorporaties,,corporatie,not_checked,not_checked,False,,False,False,medium,scrape_candidate,
Vestide,vestide.nl,https://www.vestide.nl/woningaanbod/,studenten_kamers,,corporatie,not_checked,not_checked,False,,False,False,medium,scrape_candidate,
VGM NL,vgmnl.nl,https://www.vgmnl.nl/,vastgoedbeheerders,,branche,not_checked,not_checked,False,,False,False,medium,manual_external,
Vidomes,vidomes.nl,https://www.vidomes.nl/huren/,woningcorporaties,,corporatie,not_checked,not_checked,False,,False,False,medium,scrape_candidate,
Vind Huurwoning,vind-huurwoning.nl,https://www.vind-huurwoning.nl/,landelijke_platforms,,aggregator,not_checked,not_checked,False,,False,False,medium,scrape_candidate,
Vivare,vivare.nl,https://www.vivare.nl/huren/,woningcorporaties,,corporatie,not_checked,not_checked,False,,False,False,medium,scrape_candidate,
Viveste,viveste.nl,https://www.viveste.nl/huren/,woningcorporaties,,corporatie,not_checked,not_checked,False,,False,False,medium,scrape_candidate,
WoningStichting Volksbelang,volksbelang.nl,https://www.volksbelang.nl/huren/,woningcorporaties,,corporatie,not_checked,not_checked,False,,False,False,medium,scrape_candidate,
Volkshuisvesting Arnhem,volkshuisvesting-arnhem.nl,https://www.volkshuisvesting-arnhem.nl/huren/,woningcorporaties,,corporatie,not_checked,not_checked,False,,False,False,medium,scrape_candidate,
Waterland Wonen,waterlandwonen.nl,https://www.waterlandwonen.nl/huren/,woningcorporaties,,corporatie,not_checked,not_checked,False,,False,False,medium,scrape_candidate,
Waterweg Wonen,waterweg-wonen.nl,https://www.waterweg-wonen.nl/huren/,woningcorporaties,,corporatie,not_checked,not_checked,False,,False,False,medium,scrape_candidate,
Woningbouwvereniging Langedijk,wbvlangedijk.nl,https://www.wbvlangedijk.nl/huren/,woningcorporaties,,corporatie,not_checked,not_checked,False,,False,False,medium,scrape_candidate,
Woningbouwvereniging Lopik,wbvlopik.nl,https://www.wbvlopik.nl/huren/,woningcorporaties,,corporatie,not_checked,not_checked,False,,False,False,medium,scrape_candidate,
Welbions,welbions.nl,https://www.welbions.nl/huren/,woningcorporaties,,corporatie,not_checked,not_checked,False,,False,False,medium,scrape_candidate,
Wierden en Borgen,wierdenborgen.nl,https://www.wierdenborgen.nl/huren/,woningcorporaties,,corporatie,not_checked,not_checked,False,,False,False,medium,scrape_candidate,
Wonen Noordwest Friesland,wnf.nl,https://www.wnf.nl/huren/,woningcorporaties,,corporatie,not_checked,not_checked,False,,False,False,medium,scrape_candidate,
Wold en Waard,woldenwaard.nl,https://www.woldenwaard.nl/huren/,woningcorporaties,,corporatie,not_checked,not_checked,False,,False,False,medium,scrape_candidate,
Wondr,wondr.nl,https://www.wondr.nl/,landelijke_platforms,,portal,not_checked,not_checked,False,,False,False,medium,scrape_candidate,
WonenBreburg,wonen-breburg.nl,https://www.wonen-breburg.nl/huren/,woningcorporaties,,corporatie,not_checked,not_checked,False,,False,False,medium,scrape_candidate,
Wonen.nl,wonen.nl,https://www.wonen.nl/huur/,landelijke_platforms,,portal,not_checked,not_checked,False,,False,False,medium,scrape_candidate,
Wonen Drenthe,wonendrenthe.nl,https://www.wonendrenthe.nl/huren/,woningcorporaties,,corporatie,not_checked,not_checked,False,,False,False,medium,scrape_candidate,
WonenLimburg,wonenlimburg.nl,https://www.wonenlimburg.nl/huren/,woningcorporaties,,corporatie,not_checked,not_checked,False,,False,False,medium,scrape_candidate,
Wonen Midden-Brabant,wonenmiddenbrabant.nl,https://www.wonenmiddenbrabant.nl/huren/,woningcorporaties,,corporatie,not_checked,not_checked,False,,False,False,medium,scrape_candidate,
Oost Groningen,wonennoordoostgroningen.nl,https://www.wonennoordoostgroningen.nl/huren/,woningcorporaties,,corporatie,not_checked,not_checked,False,,False,False,medium,scrape_candidate,
Wonen Zuid,wonenzuid.nl,https://www.wonenzuid.nl/huren/,woningcorporaties,,corporatie,not_checked,not_checked,False,,False,False,medium,scrape_candidate,
Woningaanbod.nl,woningaanbod.nl,https://www.woningaanbod.nl/,landelijke_platforms,,portal,not_checked,not_checked,False,,False,False,medium,scrape_candidate,
Woningbeheer NL,woningbeheer.nl,https://www.woningbeheer.nl/,vastgoedbeheerders,,beheerder,not_checked,not_checked,False,,False,False,medium,scrape_candidate,
Woningcorporaties.nl,woningcorporaties.nl,https://www.woningcorporaties.nl/,woningcorporaties,,portal,not_checked,not_checked,False,,False,False,medium,scrape_candidate,
WoningInschrijven,woninginschrijven.nl,https://www.woninginschrijven.nl/,sociale_huur,,portal,not_checked,not_checked,False,,False,False,medium,scrape_candidate,
Woning in Zicht,woninginzicht.nl,https://www.woninginzicht.nl/,sociale_huur,,portal,not_checked,not_checked,False,,False,False,medium,scrape_candidate,
Woningmarkt,woningmarkt.nl,https://www.woningmarkt.nl/huur/,landelijke_platforms,,portal,not_checked,not_checked,False,,False,False,medium,scrape_candidate,
WoningMatch Haaglanden,woningmatch.nl,https://www.woningmatch.nl/,sociale_huur,,portal,not_checked,not_checked,False,,False,False,medium,scrape_candidate,
WoningNet,woningnet.nl,https://www.woningnet.nl/,sociale_huur,,portal,not_checked,not_checked,False,,False,False,medium,scrape_candidate,
WoningNet Rijnstreek,woningnetrijnstreek.nl,https://www.woningnetrijnstreek.nl/,sociale_huur,,portal,not_checked,not_checked,False,,False,False,medium,scrape_candidate,
Woningverhuur,woningverhuur.nl,https://www.woningverhuur.nl/,verhuurmakelaars,,makelaar,not_checked,not_checked,False,,False,False,medium,scrape_candidate,
WoningZoeker,woningzoeker.nl,https://www.woningzoeker.nl/,sociale_huur,,portal,not_checked,not_checked,False,,False,False,medium,scrape_candidate,
L&G (Woonbedrijf IHW),woonbedrijf-ihw.nl,https://www.woonbedrijf-ihw.nl/huren/,woningcorporaties,,corporatie,not_checked,not_checked,False,,False,False,medium,scrape_candidate,
Woonbedrijf,woonbedrijf.nl,https://www.woonbedrijf.nl/huren/,woningcorporaties,,corporatie,not_checked,not_checked,False,,False,False,medium,scrape_candidate,
Woonborg,woonborg.nl,https://www.woonborg.nl/huren/,woningcorporaties,,corporatie,not_checked,not_checked,False,,False,False,medium,scrape_candidate,
WoonBron,woonbron.nl,https://www.woonbron.nl/wonen/,woningcorporaties,,corporatie,not_checked,not_checked,False,,False,False,medium,scrape_candidate,
Woonburo,woonburo.nl,https://www.woonburo.nl/huurwoningen/,verhuurmakelaars,,makelaar,not_checked,not_checked,False,,False,False,medium,scrape_candidate,
WoonCompagnie,wooncompagnie.nl,https://www.wooncompagnie.nl/huren/,woningcorporaties,,corporatie,not_checked,not_checked,False,,False,False,medium,scrape_candidate,
Wooncomplex,wooncomplex.nl,https://www.wooncomplex.nl/huren/,woningcorporaties,,corporatie,not_checked,not_checked,False,,False,False,medium,scrape_candidate,
Woonexpress,woonexpress.nl,https://www.woonexpress.nl/huurwoningen/,verhuurmakelaars,,makelaar,not_checked,not_checked,False,,False,False,medium,scrape_candidate,
WoonFriesland,woonfriesland.nl,https://www.woonfriesland.nl/huren/,woningcorporaties,,corporatie,not_checked,not_checked,False,,False,False,medium,scrape_candidate,
Woongoed Middelburg,woongoed-middelburg.nl,https://www.woongoed-middelburg.nl/huren/,woningcorporaties,,corporatie,not_checked,not_checked,False,,False,False,medium,scrape_candidate,
Woongoed Zeeuws-Vlaanderen,woongoedzv.nl,https://www.woongoedzv.nl/huren/,woningcorporaties,,corporatie,not_checked,not_checked,False,,False,False,medium,scrape_candidate,
WoonGroep Holland,woongroepholland.nl,https://www.woongroepholland.nl/huren/,woningcorporaties,,corporatie,not_checked,not_checked,False,,False,False,medium,scrape_candidate,
WoonInc,wooninc.nl,https://www.wooninc.nl/huren/,woningcorporaties,,corporatie,not_checked,not_checked,False,,False,False,medium,scrape_candidate,
WoonKeus,woonkeus.nl,https://www.woonkeus.nl/,sociale_huur,,portal,not_checked,not_checked,False,,False,False,medium,scrape_candidate,
WoonKeus Stedendriehoek,woonkeusstedendriehoek.nl,https://www.woonkeusstedendriehoek.nl/,sociale_huur,,portal,not_checked,not_checked,False,,False,False,medium,scrape_candidate,
Woonlinie,woonlinie.nl,https://www.woonlinie.nl/huren/,woningcorporaties,,corporatie,not_checked,not_checked,False,,False,False,medium,scrape_candidate,
WoonLoket,woonloket.nl,https://www.woonloket.nl/,sociale_huur,,portal,not_checked,not_checked,False,,False,False,medium,scrape_candidate,
WoonMatch,woonmatch.nl,https://www.woonmatch.nl/,sociale_huur,,portal,not_checked,not_checked,False,,False,False,medium,scrape_candidate,
WoonNet Haaglanden,woonnet-haaglanden.nl,https://www.woonnet-haaglanden.nl/,sociale_huur,,portal,not_checked,not_checked,False,,False,False,medium,scrape_candidate,
WoonNu,woonnu.nl,https://www.woonnu.nl/,landelijke_platforms,,portal,not_checked,not_checked,False,,False,False,medium,scrape_candidate,
Woonplus Schiedam,woonplus.nl,https://www.woonplus.nl/huren/,woningcorporaties,,corporatie,not_checked,not_checked,False,,False,False,medium,scrape_candidate,
Woonpunt,woonpunt.nl,https://www.woonpunt.nl/huren/,woningcorporaties,,corporatie,not_checked,not_checked,False,,False,False,medium,scrape_candidate,
Woonruimte Verdeling,woonruimteverdeling.nl,https://www.woonruimteverdeling.nl/,sociale_huur,,portal,not_checked,not_checked,False,,False,False,medium,scrape_candidate,
Woonservice Groningen,woonservice-groningen.nl,https://www.woonservice-groningen.nl/huren/,woningcorporaties,,corporatie,not_checked,not_checked,False,,False,False,medium,scrape_candidate,
Woonservice Drenthe,woonservicedrenthe.nl,https://www.woonservicedrenthe.nl/huren/,woningcorporaties,,corporatie,not_checked,not_checked,False,,False,False,medium,scrape_candidate,
Woonservice IJsselland,woonserviceijsselland.nl,https://www.woonserviceijsselland.nl/huren/,woningcorporaties,,corporatie,not_checked,not_checked,False,,False,False,medium,scrape_candidate,
Woonstad Rotterdam,woonstad.nl,https://www.woonstad.nl/woningen/,woningcorporaties,,corporatie,not_checked,not_checked,False,,False,False,medium,scrape_candidate,
Woonstede,woonstede.nl,https://www.woonstede.nl/huren/,woningcorporaties,,corporatie,not_checked,not_checked,False,,False,False,medium,scrape_candidate,
Woonstichting Gendt,woonstichtinggendt.nl,https://www.woonstichtinggendt.nl/huren/,woningcorporaties,,corporatie,not_checked,not_checked,False,,False,False,medium,scrape_candidate,
Woonveste,woonveste.nl,https://www.woonveste.nl/huren/,woningcorporaties,,corporatie,not_checked,not_checked,False,,False,False,medium,scrape_candidate,
Woonwaard,woonwaard.nl,https://www.woonwaard.nl/huren/,woningcorporaties,,corporatie,not_checked,not_checked,False,,False,False,medium,scrape_candidate,
Xior Student Housing,xior.nl,https://www.xior.nl/nl/aanbod,studenten_kamers,,verhuurder,not_checked,not_checked,False,,False,False,medium,scrape_candidate,
Ymere Huurwoningen,ymere-huurwoningen.nl,https://www.ymere-huurwoningen.nl/,woningcorporaties,,corporatie,not_checked,not_checked,False,,False,False,medium,scrape_candidate,
Ymere,ymere.nl,https://www.ymere.nl/woningen/,woningcorporaties,,corporatie,not_checked,not_checked,False,,False,False,medium,scrape_candidate,
Zeeuwland,zeeuwland.nl,https://www.zeeuwland.nl/huren/,woningcorporaties,,corporatie,not_checked,not_checked,False,,False,False,medium,scrape_candidate,
Zig,zig.nl,https://www.zig.nl/,sociale_huur,,portal,not_checked,not_checked,False,,False,False,medium,scrape_candidate,
Zoekwoning,zoekwoning.nl,https://www.zoekwoning.nl/,landelijke_platforms,,portal,not_checked,not_checked,False,,False,False,medium,scrape_candidate,
ZOwonen,zowonen.nl,https://www.zowonen.nl/huren/,woningcorporaties,,corporatie,not_checked,not_checked,False,,False,False,medium,scrape_candidate,
Zwarts Makelaardij,zwartsmakelaardij.nl,https://www.zwartsmakelaardij.nl/,verhuurmakelaars,,makelaar,not_checked,not_checked,False,,False,False,medium,scrape_candidate,
